{"fmus":{"{Control1}":"file:////home/maurizio/into-cps-projects/IEEEAccessDrones/FMUs/drone1.fmu","{Control2}":"file:////home/maurizio/into-cps-projects/IEEEAccessDrones/FMUs/drone2.fmu","{Plant}":"file:////home/maurizio/into-cps-projects/IEEEAccessDrones/FMUs/quadcopter.fmu","{Control3}":"file:////home/maurizio/into-cps-projects/IEEEAccessDrones/FMUs/drone3.fmu","{Control4}":"file:////home/maurizio/into-cps-projects/IEEEAccessDrones/FMUs/drone4.fmu","{Control5}":"file:////home/maurizio/into-cps-projects/IEEEAccessDrones/FMUs/drone5.fmu","{Voronoi}":"file:////home/maurizio/into-cps-projects/IEEEAccessDrones/FMUs/vorS-c_select_10.fmu","{Control6}":"file:////home/maurizio/into-cps-projects/IEEEAccessDrones/FMUs/drone6.fmu","{Control7}":"file:////home/maurizio/into-cps-projects/IEEEAccessDrones/FMUs/drone7.fmu","{Control8}":"file:////home/maurizio/into-cps-projects/IEEEAccessDrones/FMUs/drone8.fmu","{Control9}":"file:////home/maurizio/into-cps-projects/IEEEAccessDrones/FMUs/drone9.fmu","{Control10}":"file:////home/maurizio/into-cps-projects/IEEEAccessDrones/FMUs/drone10.fmu","{Parameters}":"file:////home/maurizio/into-cps-projects/IEEEAccessDrones/FMUs/Parameters.fmu"},"connections":{"{Control1}.Control1Instance.w_1":["{Plant}.PlantInstance1.w1"],"{Control1}.Control1Instance.w_2":["{Plant}.PlantInstance1.w2"],"{Control1}.Control1Instance.w_3":["{Plant}.PlantInstance1.w3"],"{Control1}.Control1Instance.w_4":["{Plant}.PlantInstance1.w4"],"{Plant}.PlantInstance1.x":["{Control1}.Control1Instance.current_x","{Voronoi}.VoronoiInstance.d1_x"],"{Plant}.PlantInstance1.y":["{Control1}.Control1Instance.current_y","{Voronoi}.VoronoiInstance.d1_y"],"{Plant}.PlantInstance1.z":["{Control1}.Control1Instance.current_z"],"{Plant}.PlantInstance1.phi":["{Control1}.Control1Instance.current_phi"],"{Plant}.PlantInstance1.psi":["{Control1}.Control1Instance.current_psi"],"{Plant}.PlantInstance1.theta":["{Control1}.Control1Instance.current_theta"],"{Plant}.PlantInstance1.dphi":["{Control1}.Control1Instance.vel_phi"],"{Plant}.PlantInstance1.dpsi":["{Control1}.Control1Instance.vel_psi"],"{Plant}.PlantInstance1.dtheta":["{Control1}.Control1Instance.vel_theta"],"{Plant}.PlantInstance1.dx":["{Control1}.Control1Instance.vel_x"],"{Plant}.PlantInstance1.dy":["{Control1}.Control1Instance.vel_y"],"{Plant}.PlantInstance1.dz":["{Control1}.Control1Instance.vel_z"],"{Voronoi}.VoronoiInstance.out1_x":["{Control1}.Control1Instance.x_d"],"{Voronoi}.VoronoiInstance.out1_y":["{Control1}.Control1Instance.y_d"],"{Voronoi}.VoronoiInstance.out1_z":["{Control1}.Control1Instance.z_d"],"{Voronoi}.VoronoiInstance.out6_x":["{Control6}.Control6Instance.x_d"],"{Voronoi}.VoronoiInstance.out6_y":["{Control6}.Control6Instance.y_d"],"{Voronoi}.VoronoiInstance.out6_z":["{Control6}.Control6Instance.z_d"],"{Voronoi}.VoronoiInstance.out7_x":["{Control7}.Control7Instance.x_d"],"{Voronoi}.VoronoiInstance.out7_y":["{Control7}.Control7Instance.y_d"],"{Voronoi}.VoronoiInstance.out7_z":["{Control7}.Control7Instance.z_d"],"{Voronoi}.VoronoiInstance.out8_x":["{Control8}.Control8Instance.x_d"],"{Voronoi}.VoronoiInstance.out8_y":["{Control8}.Control8Instance.y_d"],"{Voronoi}.VoronoiInstance.out8_z":["{Control8}.Control8Instance.z_d"],"{Voronoi}.VoronoiInstance.out9_x":["{Control9}.Control9Instance.x_d"],"{Voronoi}.VoronoiInstance.out9_y":["{Control9}.Control9Instance.y_d"],"{Voronoi}.VoronoiInstance.out9_z":["{Control9}.Control9Instance.z_d"],"{Voronoi}.VoronoiInstance.out10_x":["{Control10}.Control10Instance.x_d"],"{Voronoi}.VoronoiInstance.out10_y":["{Control10}.Control10Instance.y_d"],"{Voronoi}.VoronoiInstance.out10_z":["{Control10}.Control10Instance.z_d"],"{Voronoi}.VoronoiInstance.out2_x":["{Control2}.Control2Instance.x_d"],"{Voronoi}.VoronoiInstance.out2_y":["{Control2}.Control2Instance.y_d"],"{Voronoi}.VoronoiInstance.out2_z":["{Control2}.Control2Instance.z_d"],"{Voronoi}.VoronoiInstance.out3_x":["{Control3}.Control3Instance.x_d"],"{Voronoi}.VoronoiInstance.out3_y":["{Control3}.Control3Instance.y_d"],"{Voronoi}.VoronoiInstance.out3_z":["{Control3}.Control3Instance.z_d"],"{Voronoi}.VoronoiInstance.out4_x":["{Control4}.Control4Instance.x_d"],"{Voronoi}.VoronoiInstance.out4_y":["{Control4}.Control4Instance.y_d"],"{Voronoi}.VoronoiInstance.out4_z":["{Control4}.Control4Instance.z_d"],"{Voronoi}.VoronoiInstance.out5_x":["{Control5}.Control5Instance.x_d"],"{Voronoi}.VoronoiInstance.out5_y":["{Control5}.Control5Instance.y_d"],"{Voronoi}.VoronoiInstance.out5_z":["{Control5}.Control5Instance.z_d"],"{Control6}.Control6Instance.w_1":["{Plant}.PlantInstance6.w1"],"{Control6}.Control6Instance.w_2":["{Plant}.PlantInstance6.w2"],"{Control6}.Control6Instance.w_3":["{Plant}.PlantInstance6.w3"],"{Control6}.Control6Instance.w_4":["{Plant}.PlantInstance6.w4"],"{Control7}.Control7Instance.w_1":["{Plant}.PlantInstance7.w1"],"{Control7}.Control7Instance.w_2":["{Plant}.PlantInstance7.w2"],"{Control7}.Control7Instance.w_3":["{Plant}.PlantInstance7.w3"],"{Control7}.Control7Instance.w_4":["{Plant}.PlantInstance7.w4"],"{Control8}.Control8Instance.w_1":["{Plant}.PlantInstance8.w1"],"{Control8}.Control8Instance.w_2":["{Plant}.PlantInstance8.w2"],"{Control8}.Control8Instance.w_3":["{Plant}.PlantInstance8.w3"],"{Control8}.Control8Instance.w_4":["{Plant}.PlantInstance8.w4"],"{Control9}.Control9Instance.w_1":["{Plant}.PlantInstance9.w1"],"{Control9}.Control9Instance.w_2":["{Plant}.PlantInstance9.w2"],"{Control9}.Control9Instance.w_3":["{Plant}.PlantInstance9.w3"],"{Control9}.Control9Instance.w_4":["{Plant}.PlantInstance9.w4"],"{Control10}.Control10Instance.w_1":["{Plant}.PlantInstance10.w1"],"{Control10}.Control10Instance.w_2":["{Plant}.PlantInstance10.w2"],"{Control10}.Control10Instance.w_3":["{Plant}.PlantInstance10.w3"],"{Control10}.Control10Instance.w_4":["{Plant}.PlantInstance10.w4"],"{Control2}.Control2Instance.w_1":["{Plant}.PlantInstance2.w1"],"{Control2}.Control2Instance.w_2":["{Plant}.PlantInstance2.w2"],"{Control2}.Control2Instance.w_3":["{Plant}.PlantInstance2.w3"],"{Control2}.Control2Instance.w_4":["{Plant}.PlantInstance2.w4"],"{Control3}.Control3Instance.w_1":["{Plant}.PlantInstance3.w1"],"{Control3}.Control3Instance.w_2":["{Plant}.PlantInstance3.w2"],"{Control3}.Control3Instance.w_3":["{Plant}.PlantInstance3.w3"],"{Control3}.Control3Instance.w_4":["{Plant}.PlantInstance3.w4"],"{Control4}.Control4Instance.w_1":["{Plant}.PlantInstance4.w1"],"{Control4}.Control4Instance.w_2":["{Plant}.PlantInstance4.w2"],"{Control4}.Control4Instance.w_3":["{Plant}.PlantInstance4.w3"],"{Control4}.Control4Instance.w_4":["{Plant}.PlantInstance4.w4"],"{Control5}.Control5Instance.w_1":["{Plant}.PlantInstance5.w1"],"{Control5}.Control5Instance.w_2":["{Plant}.PlantInstance5.w2"],"{Control5}.Control5Instance.w_3":["{Plant}.PlantInstance5.w3"],"{Control5}.Control5Instance.w_4":["{Plant}.PlantInstance5.w4"],"{Plant}.PlantInstance6.x":["{Control6}.Control6Instance.current_x","{Voronoi}.VoronoiInstance.d6_x"],"{Plant}.PlantInstance6.y":["{Control6}.Control6Instance.current_y","{Voronoi}.VoronoiInstance.d6_y"],"{Plant}.PlantInstance6.z":["{Control6}.Control6Instance.current_z"],"{Plant}.PlantInstance6.phi":["{Control6}.Control6Instance.current_phi"],"{Plant}.PlantInstance6.psi":["{Control6}.Control6Instance.current_psi"],"{Plant}.PlantInstance6.theta":["{Control6}.Control6Instance.current_theta"],"{Plant}.PlantInstance6.dphi":["{Control6}.Control6Instance.vel_phi"],"{Plant}.PlantInstance6.dpsi":["{Control6}.Control6Instance.vel_psi"],"{Plant}.PlantInstance6.dtheta":["{Control6}.Control6Instance.vel_theta"],"{Plant}.PlantInstance6.dx":["{Control6}.Control6Instance.vel_x"],"{Plant}.PlantInstance6.dy":["{Control6}.Control6Instance.vel_y"],"{Plant}.PlantInstance6.dz":["{Control6}.Control6Instance.vel_z"],"{Plant}.PlantInstance7.x":["{Control7}.Control7Instance.current_x","{Voronoi}.VoronoiInstance.d7_x"],"{Plant}.PlantInstance7.y":["{Control7}.Control7Instance.current_y","{Voronoi}.VoronoiInstance.d7_y"],"{Plant}.PlantInstance7.z":["{Control7}.Control7Instance.current_z"],"{Plant}.PlantInstance7.phi":["{Control7}.Control7Instance.current_phi"],"{Plant}.PlantInstance7.psi":["{Control7}.Control7Instance.current_psi"],"{Plant}.PlantInstance7.theta":["{Control7}.Control7Instance.current_theta"],"{Plant}.PlantInstance7.dphi":["{Control7}.Control7Instance.vel_phi"],"{Plant}.PlantInstance7.dpsi":["{Control7}.Control7Instance.vel_psi"],"{Plant}.PlantInstance7.dtheta":["{Control7}.Control7Instance.vel_theta"],"{Plant}.PlantInstance7.dx":["{Control7}.Control7Instance.vel_x"],"{Plant}.PlantInstance7.dy":["{Control7}.Control7Instance.vel_y"],"{Plant}.PlantInstance7.dz":["{Control7}.Control7Instance.vel_z"],"{Plant}.PlantInstance8.x":["{Control8}.Control8Instance.current_x","{Voronoi}.VoronoiInstance.d8_x"],"{Plant}.PlantInstance8.y":["{Control8}.Control8Instance.current_y","{Voronoi}.VoronoiInstance.d8_y"],"{Plant}.PlantInstance8.z":["{Control8}.Control8Instance.current_z"],"{Plant}.PlantInstance8.phi":["{Control8}.Control8Instance.current_phi"],"{Plant}.PlantInstance8.psi":["{Control8}.Control8Instance.current_psi"],"{Plant}.PlantInstance8.theta":["{Control8}.Control8Instance.current_theta"],"{Plant}.PlantInstance8.dphi":["{Control8}.Control8Instance.vel_phi"],"{Plant}.PlantInstance8.dpsi":["{Control8}.Control8Instance.vel_psi"],"{Plant}.PlantInstance8.dtheta":["{Control8}.Control8Instance.vel_theta"],"{Plant}.PlantInstance8.dx":["{Control8}.Control8Instance.vel_x"],"{Plant}.PlantInstance8.dy":["{Control8}.Control8Instance.vel_y"],"{Plant}.PlantInstance8.dz":["{Control8}.Control8Instance.vel_z"],"{Plant}.PlantInstance9.x":["{Control9}.Control9Instance.current_x","{Voronoi}.VoronoiInstance.d9_x"],"{Plant}.PlantInstance9.y":["{Control9}.Control9Instance.current_y","{Voronoi}.VoronoiInstance.d9_y"],"{Plant}.PlantInstance9.z":["{Control9}.Control9Instance.current_z"],"{Plant}.PlantInstance9.phi":["{Control9}.Control9Instance.current_phi"],"{Plant}.PlantInstance9.psi":["{Control9}.Control9Instance.current_psi"],"{Plant}.PlantInstance9.theta":["{Control9}.Control9Instance.current_theta"],"{Plant}.PlantInstance9.dphi":["{Control9}.Control9Instance.vel_phi"],"{Plant}.PlantInstance9.dpsi":["{Control9}.Control9Instance.vel_psi"],"{Plant}.PlantInstance9.dtheta":["{Control9}.Control9Instance.vel_theta"],"{Plant}.PlantInstance9.dx":["{Control9}.Control9Instance.vel_x"],"{Plant}.PlantInstance9.dy":["{Control9}.Control9Instance.vel_y"],"{Plant}.PlantInstance9.dz":["{Control9}.Control9Instance.vel_z"],"{Plant}.PlantInstance10.x":["{Control10}.Control10Instance.current_x","{Voronoi}.VoronoiInstance.d10_x"],"{Plant}.PlantInstance10.y":["{Control10}.Control10Instance.current_y","{Voronoi}.VoronoiInstance.d10_y"],"{Plant}.PlantInstance10.z":["{Control10}.Control10Instance.current_z"],"{Plant}.PlantInstance10.phi":["{Control10}.Control10Instance.current_phi"],"{Plant}.PlantInstance10.psi":["{Control10}.Control10Instance.current_psi"],"{Plant}.PlantInstance10.theta":["{Control10}.Control10Instance.current_theta"],"{Plant}.PlantInstance10.dphi":["{Control10}.Control10Instance.vel_phi"],"{Plant}.PlantInstance10.dpsi":["{Control10}.Control10Instance.vel_psi"],"{Plant}.PlantInstance10.dtheta":["{Control10}.Control10Instance.vel_theta"],"{Plant}.PlantInstance10.dx":["{Control10}.Control10Instance.vel_x"],"{Plant}.PlantInstance10.dy":["{Control10}.Control10Instance.vel_y"],"{Plant}.PlantInstance10.dz":["{Control10}.Control10Instance.vel_z"],"{Plant}.PlantInstance2.dphi":["{Control2}.Control2Instance.vel_phi"],"{Plant}.PlantInstance2.dpsi":["{Control2}.Control2Instance.vel_psi"],"{Plant}.PlantInstance2.dtheta":["{Control2}.Control2Instance.vel_theta"],"{Plant}.PlantInstance2.dx":["{Control2}.Control2Instance.vel_x"],"{Plant}.PlantInstance2.dy":["{Control2}.Control2Instance.vel_y"],"{Plant}.PlantInstance2.dz":["{Control2}.Control2Instance.vel_z"],"{Plant}.PlantInstance2.phi":["{Control2}.Control2Instance.current_phi"],"{Plant}.PlantInstance2.psi":["{Control2}.Control2Instance.current_psi"],"{Plant}.PlantInstance2.theta":["{Control2}.Control2Instance.current_theta"],"{Plant}.PlantInstance2.x":["{Control2}.Control2Instance.current_x","{Voronoi}.VoronoiInstance.d2_x"],"{Plant}.PlantInstance2.y":["{Control2}.Control2Instance.current_y","{Voronoi}.VoronoiInstance.d2_y"],"{Plant}.PlantInstance2.z":["{Control2}.Control2Instance.current_z"],"{Plant}.PlantInstance3.x":["{Control3}.Control3Instance.current_x","{Voronoi}.VoronoiInstance.d3_x"],"{Plant}.PlantInstance3.y":["{Control3}.Control3Instance.current_y","{Voronoi}.VoronoiInstance.d3_y"],"{Plant}.PlantInstance3.z":["{Control3}.Control3Instance.current_z"],"{Plant}.PlantInstance3.phi":["{Control3}.Control3Instance.current_phi"],"{Plant}.PlantInstance3.psi":["{Control3}.Control3Instance.current_psi"],"{Plant}.PlantInstance3.theta":["{Control3}.Control3Instance.current_theta"],"{Plant}.PlantInstance3.dphi":["{Control3}.Control3Instance.vel_phi"],"{Plant}.PlantInstance3.dpsi":["{Control3}.Control3Instance.vel_psi"],"{Plant}.PlantInstance3.dtheta":["{Control3}.Control3Instance.vel_theta"],"{Plant}.PlantInstance3.dx":["{Control3}.Control3Instance.vel_x"],"{Plant}.PlantInstance3.dy":["{Control3}.Control3Instance.vel_y"],"{Plant}.PlantInstance3.dz":["{Control3}.Control3Instance.vel_z"],"{Plant}.PlantInstance4.x":["{Control4}.Control4Instance.current_x","{Voronoi}.VoronoiInstance.d4_x"],"{Plant}.PlantInstance4.y":["{Control4}.Control4Instance.current_y","{Voronoi}.VoronoiInstance.d4_y"],"{Plant}.PlantInstance4.z":["{Control4}.Control4Instance.current_z"],"{Plant}.PlantInstance4.phi":["{Control4}.Control4Instance.current_phi"],"{Plant}.PlantInstance4.psi":["{Control4}.Control4Instance.current_psi"],"{Plant}.PlantInstance4.theta":["{Control4}.Control4Instance.current_theta"],"{Plant}.PlantInstance4.dphi":["{Control4}.Control4Instance.vel_phi"],"{Plant}.PlantInstance4.dpsi":["{Control4}.Control4Instance.vel_psi"],"{Plant}.PlantInstance4.dtheta":["{Control4}.Control4Instance.vel_theta"],"{Plant}.PlantInstance4.dx":["{Control4}.Control4Instance.vel_x"],"{Plant}.PlantInstance4.dy":["{Control4}.Control4Instance.vel_y"],"{Plant}.PlantInstance4.dz":["{Control4}.Control4Instance.vel_z"],"{Plant}.PlantInstance5.x":["{Control5}.Control5Instance.current_x","{Voronoi}.VoronoiInstance.d5_x"],"{Plant}.PlantInstance5.y":["{Control5}.Control5Instance.current_y","{Voronoi}.VoronoiInstance.d5_y"],"{Plant}.PlantInstance5.z":["{Control5}.Control5Instance.current_z"],"{Plant}.PlantInstance5.phi":["{Control5}.Control5Instance.current_phi"],"{Plant}.PlantInstance5.psi":["{Control5}.Control5Instance.current_psi"],"{Plant}.PlantInstance5.theta":["{Control5}.Control5Instance.current_theta"],"{Plant}.PlantInstance5.dphi":["{Control5}.Control5Instance.vel_phi"],"{Plant}.PlantInstance5.dpsi":["{Control5}.Control5Instance.vel_psi"],"{Plant}.PlantInstance5.dtheta":["{Control5}.Control5Instance.vel_theta"],"{Plant}.PlantInstance5.dx":["{Control5}.Control5Instance.vel_x"],"{Plant}.PlantInstance5.dy":["{Control5}.Control5Instance.vel_y"],"{Plant}.PlantInstance5.dz":["{Control5}.Control5Instance.vel_z"],"{Parameters}.ParametersInstance.La":["{Control1}.Control1Instance.La","{Control6}.Control6Instance.La","{Control7}.Control7Instance.La","{Control8}.Control8Instance.La","{Control9}.Control9Instance.La","{Control10}.Control10Instance.La","{Control2}.Control2Instance.La","{Control3}.Control3Instance.La","{Control4}.Control4Instance.La","{Control5}.Control5Instance.La"],"{Parameters}.ParametersInstance.Lp":["{Control1}.Control1Instance.Lp","{Control6}.Control6Instance.Lp","{Control7}.Control7Instance.Lp","{Control8}.Control8Instance.Lp","{Control9}.Control9Instance.Lp","{Control10}.Control10Instance.Lp","{Control2}.Control2Instance.Lp","{Control3}.Control3Instance.Lp","{Control4}.Control4Instance.Lp","{Control5}.Control5Instance.Lp"]},"parameters":{"{Control1}.Control1Instance.Ix":0.0348,"{Control1}.Control1Instance.Iy":0.0459,"{Control1}.Control1Instance.Iz":0.0977,"{Control1}.Control1Instance.Kf":0.000855,"{Control1}.Control1Instance.Km":0.016,"{Control1}.Control1Instance.L":0.141,"{Control1}.Control1Instance.M":1.12,"{Control1}.Control1Instance.C_phi":0.3927,"{Control1}.Control1Instance.C_theta":0.2977,"{Control1}.Control1Instance.C_z":0.0159,"{Plant}.PlantInstance1.x0":20,"{Plant}.PlantInstance1.y0":40,"{Plant}.PlantInstance1.Ixx":0.0348,"{Plant}.PlantInstance1.Iyy":0.0459,"{Plant}.PlantInstance1.Izz":0.0977,"{Plant}.PlantInstance1.Kf":0.000855,"{Plant}.PlantInstance1.Km":0.016,"{Plant}.PlantInstance1.l":0.141,"{Plant}.PlantInstance1.m":1.12,"{Voronoi}.VoronoiInstance.outP1_z":2,"{Voronoi}.VoronoiInstance.outP2_z":2,"{Voronoi}.VoronoiInstance.outP3_z":2,"{Voronoi}.VoronoiInstance.outP4_z":2,"{Voronoi}.VoronoiInstance.outP5_z":2,"{Voronoi}.VoronoiInstance.outP6_z":2,"{Voronoi}.VoronoiInstance.outP7_z":2,"{Voronoi}.VoronoiInstance.outP8_z":2,"{Voronoi}.VoronoiInstance.outP9_z":2,"{Voronoi}.VoronoiInstance.outP10_z":2,"{Voronoi}.VoronoiInstance.numDrones":10,"{Voronoi}.VoronoiInstance.tau":30,"{Control6}.Control6Instance.Ix":0.0348,"{Control6}.Control6Instance.Iy":0.0459,"{Control6}.Control6Instance.Iz":0.0977,"{Control6}.Control6Instance.Kf":0.000855,"{Control6}.Control6Instance.Km":0.016,"{Control6}.Control6Instance.L":0.141,"{Control6}.Control6Instance.M":1.12,"{Control6}.Control6Instance.C_phi":0.3927,"{Control6}.Control6Instance.C_theta":0.2977,"{Control6}.Control6Instance.C_z":0.0159,"{Control7}.Control7Instance.Ix":0.0348,"{Control7}.Control7Instance.Iy":0.0459,"{Control7}.Control7Instance.Iz":0.0977,"{Control7}.Control7Instance.Kf":0.000855,"{Control7}.Control7Instance.Km":0.016,"{Control7}.Control7Instance.L":0.141,"{Control7}.Control7Instance.M":1.12,"{Control7}.Control7Instance.C_phi":0.3927,"{Control7}.Control7Instance.C_theta":0.2977,"{Control7}.Control7Instance.C_z":0.0159,"{Control8}.Control8Instance.Ix":0.0348,"{Control8}.Control8Instance.Iy":0.0459,"{Control8}.Control8Instance.Iz":0.0977,"{Control8}.Control8Instance.Kf":0.000855,"{Control8}.Control8Instance.Km":0.016,"{Control8}.Control8Instance.L":0.141,"{Control8}.Control8Instance.M":1.12,"{Control8}.Control8Instance.C_phi":0.3927,"{Control8}.Control8Instance.C_theta":0.2977,"{Control8}.Control8Instance.C_z":0.0159,"{Control9}.Control9Instance.Ix":0.0348,"{Control9}.Control9Instance.Iy":0.0459,"{Control9}.Control9Instance.Iz":0.0977,"{Control9}.Control9Instance.Kf":0.000855,"{Control9}.Control9Instance.Km":0.016,"{Control9}.Control9Instance.L":0.141,"{Control9}.Control9Instance.M":1.12,"{Control9}.Control9Instance.C_phi":0.3927,"{Control9}.Control9Instance.C_theta":0.2977,"{Control9}.Control9Instance.C_z":0.0159,"{Control10}.Control10Instance.Ix":0.0348,"{Control10}.Control10Instance.Iy":0.0459,"{Control10}.Control10Instance.Iz":0.0977,"{Control10}.Control10Instance.Kf":0.000855,"{Control10}.Control10Instance.Km":0.016,"{Control10}.Control10Instance.L":0.141,"{Control10}.Control10Instance.M":1.12,"{Control10}.Control10Instance.C_phi":0.3927,"{Control10}.Control10Instance.C_theta":0.2977,"{Control10}.Control10Instance.C_z":0.0159,"{Control2}.Control2Instance.Ix":0.0348,"{Control2}.Control2Instance.Iy":0.0459,"{Control2}.Control2Instance.Iz":0.0977,"{Control2}.Control2Instance.Kf":0.000855,"{Control2}.Control2Instance.Km":0.016,"{Control2}.Control2Instance.L":0.141,"{Control2}.Control2Instance.M":1.12,"{Control2}.Control2Instance.C_phi":0.3927,"{Control2}.Control2Instance.C_theta":0.2977,"{Control2}.Control2Instance.C_z":0.0159,"{Control3}.Control3Instance.Iy":0.0459,"{Control3}.Control3Instance.Iz":0.0977,"{Control3}.Control3Instance.Kf":0.000855,"{Control3}.Control3Instance.Km":0.016,"{Control3}.Control3Instance.L":0.141,"{Control3}.Control3Instance.M":1.12,"{Control3}.Control3Instance.C_phi":0.3927,"{Control3}.Control3Instance.C_theta":0.2977,"{Control3}.Control3Instance.C_z":0.0159,"{Control3}.Control3Instance.Ix":0.0348,"{Control4}.Control4Instance.Ix":0.0348,"{Control4}.Control4Instance.Iy":0.0459,"{Control4}.Control4Instance.Iz":0.0977,"{Control4}.Control4Instance.Kf":0.000855,"{Control4}.Control4Instance.Km":0.016,"{Control4}.Control4Instance.L":0.141,"{Control4}.Control4Instance.M":1.12,"{Control4}.Control4Instance.C_phi":0.3927,"{Control4}.Control4Instance.C_theta":0.2977,"{Control4}.Control4Instance.C_z":0.0159,"{Control5}.Control5Instance.Ix":0.0348,"{Control5}.Control5Instance.Iy":0.0459,"{Control5}.Control5Instance.Iz":0.0977,"{Control5}.Control5Instance.Kf":0.000855,"{Control5}.Control5Instance.Km":0.016,"{Control5}.Control5Instance.L":0.141,"{Control5}.Control5Instance.M":1.12,"{Control5}.Control5Instance.C_phi":0.3927,"{Control5}.Control5Instance.C_theta":0.2977,"{Control5}.Control5Instance.C_z":0.0159,"{Plant}.PlantInstance6.Ixx":0.0348,"{Plant}.PlantInstance6.Iyy":0.0459,"{Plant}.PlantInstance6.Izz":0.0977,"{Plant}.PlantInstance6.Kf":0.000855,"{Plant}.PlantInstance6.Km":0.016,"{Plant}.PlantInstance6.l":0.141,"{Plant}.PlantInstance6.m":1.12,"{Plant}.PlantInstance6.x0":22,"{Plant}.PlantInstance6.y0":45,"{Plant}.PlantInstance7.Ixx":0.0348,"{Plant}.PlantInstance7.Iyy":0.0459,"{Plant}.PlantInstance7.Izz":0.0977,"{Plant}.PlantInstance7.Kf":0.000855,"{Plant}.PlantInstance7.Km":0.016,"{Plant}.PlantInstance7.l":0.141,"{Plant}.PlantInstance7.m":1.12,"{Plant}.PlantInstance7.x0":28,"{Plant}.PlantInstance7.y0":45,"{Plant}.PlantInstance8.Ixx":0.0348,"{Plant}.PlantInstance8.Iyy":0.0459,"{Plant}.PlantInstance8.Izz":0.0977,"{Plant}.PlantInstance8.Kf":0.000855,"{Plant}.PlantInstance8.Km":0.016,"{Plant}.PlantInstance8.l":0.141,"{Plant}.PlantInstance8.m":1.12,"{Plant}.PlantInstance8.x0":20,"{Plant}.PlantInstance8.y0":45,"{Plant}.PlantInstance9.Ixx":0.0348,"{Plant}.PlantInstance9.Iyy":0.0459,"{Plant}.PlantInstance9.Izz":0.0977,"{Plant}.PlantInstance9.Kf":0.000855,"{Plant}.PlantInstance9.Km":0.016,"{Plant}.PlantInstance9.l":0.141,"{Plant}.PlantInstance9.m":1.12,"{Plant}.PlantInstance9.x0":35,"{Plant}.PlantInstance9.y0":35,"{Plant}.PlantInstance10.Ixx":0.0348,"{Plant}.PlantInstance10.Iyy":0.0459,"{Plant}.PlantInstance10.Izz":0.0977,"{Plant}.PlantInstance10.Kf":0.000855,"{Plant}.PlantInstance10.Km":0.016,"{Plant}.PlantInstance10.l":0.141,"{Plant}.PlantInstance10.m":1.12,"{Plant}.PlantInstance10.x0":15,"{Plant}.PlantInstance10.y0":35,"{Plant}.PlantInstance2.Ixx":0.0348,"{Plant}.PlantInstance2.Iyy":0.0459,"{Plant}.PlantInstance2.Izz":0.0977,"{Plant}.PlantInstance2.Kf":0.000855,"{Plant}.PlantInstance2.Km":0.016,"{Plant}.PlantInstance2.l":0.141,"{Plant}.PlantInstance2.m":1.12,"{Plant}.PlantInstance2.x0":20,"{Plant}.PlantInstance2.y0":20,"{Plant}.PlantInstance3.Ixx":0.0348,"{Plant}.PlantInstance3.Iyy":0.0459,"{Plant}.PlantInstance3.Izz":0.0977,"{Plant}.PlantInstance3.Kf":0.000855,"{Plant}.PlantInstance3.Km":0.016,"{Plant}.PlantInstance3.l":0.141,"{Plant}.PlantInstance3.m":1.12,"{Plant}.PlantInstance3.x0":35,"{Plant}.PlantInstance3.y0":45,"{Plant}.PlantInstance4.Ixx":0.0348,"{Plant}.PlantInstance4.Iyy":0.0459,"{Plant}.PlantInstance4.Izz":0.0977,"{Plant}.PlantInstance4.Kf":0.000855,"{Plant}.PlantInstance4.Km":0.016,"{Plant}.PlantInstance4.l":0.141,"{Plant}.PlantInstance4.m":1.12,"{Plant}.PlantInstance4.x0":25,"{Plant}.PlantInstance4.y0":45,"{Plant}.PlantInstance5.Ixx":0.0348,"{Plant}.PlantInstance5.Iyy":0.0459,"{Plant}.PlantInstance5.Izz":0.0977,"{Plant}.PlantInstance5.Kf":0.000855,"{Plant}.PlantInstance5.Km":0.016,"{Plant}.PlantInstance5.l":0.141,"{Plant}.PlantInstance5.m":1.12,"{Plant}.PlantInstance5.x0":25,"{Plant}.PlantInstance5.y0":41,"{Parameters}.ParametersInstance.La_value.k":8,"{Parameters}.ParametersInstance.Lp_value.k":0.9},"liveGraphColumns":1,"liveGraphVisibleRowCount":1,"logVariables":{},"overrideLogLevel":"ERROR","algorithm":{"type":"fixed-step","size":0.05},"parallelSimulation":false,"stabalizationEnabled":false,"global_absolute_tolerance":0,"global_relative_tolerance":0.01,"simulationProgramDelay":false,"convergenceAttempts":5,"livestream":{"{Plant}.PlantInstance1":["x","y"],"{Plant}.PlantInstance10":["x","y"],"{Voronoi}.VoronoiInstance":["out1_x","out10_x","out1_y","out10_y","out2_x","out3_x","out4_x","out6_x","out5_x","out7_x","out8_x","out9_x","out2_y","out3_y","out4_y","out5_y","out6_y","out7_y","out8_y","out9_y"],"{Plant}.PlantInstance6":["x","y"],"{Plant}.PlantInstance7":["x","y"],"{Plant}.PlantInstance8":["x","y"],"{Plant}.PlantInstance9":["x","y"],"{Plant}.PlantInstance2":["x","y"],"{Plant}.PlantInstance3":["x","y"],"{Plant}.PlantInstance4":["x","y"],"{Plant}.PlantInstance5":["x","y"]}}